"Sample","library_name","CrossDir","WormSource","Sex","worm_present","Fused.Organs","BG_Gadj_MFI"
"010715_2","CDNA-3-1","F2","Gos","F",TRUE,FALSE,355472
"010715_3","CDNA-3-1","F2","Gos","F",TRUE,FALSE,280008
"010715_4","CDNA-3-1","F2","Gos","M",FALSE,FALSE,274143
"010715_5","CDNA-3-1","F2","Gos","F",TRUE,FALSE,215267
"010715_6","CDNA-3-1","F2","Gos","M",FALSE,FALSE,277799
"011415_10","CDNA-13-2","GBC","Gos","M",FALSE,FALSE,340981
"011415_11","CDNA-13-2","GBC","Gos","M",FALSE,FALSE,354883
"011415_12","CDNA-13-2","GBC","Gos","M",FALSE,FALSE,339223
"011415_13","CDNA-13-2","GBC","Gos","M",FALSE,FALSE,351680
"011415_15","CDNA-18","GBC","Gos","M",FALSE,FALSE,379527
"011415_3","CDNA-13-2","GBC","Gos","F",TRUE,FALSE,307107
"011415_4","CDNA-13-2","GBC","Gos","F",FALSE,FALSE,297825
"011415_7","CDNA-13-2","GBC","Gos","M",FALSE,FALSE,289786
"011415_8","CDNA-13-2","GBC","Gos","M",FALSE,FALSE,282019
"011415_9","CDNA-13-2","GBC","Gos","M",FALSE,FALSE,367341
"012715_11","CDNA-9-10","RBC","Gos","M",TRUE,FALSE,412178
"012715_16","CDNA-9-10","RBC","Gos","M",FALSE,FALSE,336128
"012715_17","CDNA-9-10","RBC","Gos","F",TRUE,FALSE,295355
"012715_18","CDNA-9-10","RBC","Gos","M",TRUE,FALSE,235307
"012715_2","CDNA-13-2","GBC","Gos","M",TRUE,FALSE,341201
"012715_5","CDNA-6-15","GBC","Gos","F",TRUE,FALSE,310293
"012715_6","CDNA-6-15","GBC","Gos","F",FALSE,FALSE,287799
"012715_7","CDNA-6-15","GBC","Gos","M",FALSE,FALSE,260908
"012815_11","CDNA-10-15","GBC","Gos","F",FALSE,FALSE,333333
"012815_2","CDNA-6-15","GBC","Gos","F",FALSE,FALSE,269393
"012815_5","CDNA-10-15","GBC","Gos","F",FALSE,FALSE,284430
"012815_8","CDNA-10-15","GBC","Gos","M",FALSE,FALSE,266081
"020415_1","CDNA-3-1","F2","Gos","M",FALSE,FALSE,287785
"020415_2","CDNA-3-1","F2","Gos","M",FALSE,FALSE,290527
"020415_3","CDNA-3-2","F2","Gos","F",TRUE,TRUE,373253
"020415_4","CDNA-3-2","F2","Gos","F",FALSE,FALSE,282292
"020415_5","CDNA-3-2","F2","Gos","F",FALSE,FALSE,287747
"031115_5","CDNA-18","RBC","Gos","M",FALSE,FALSE,337988
"031115_6","CDNA-18","RBC","Gos","M",FALSE,FALSE,323240
"031115_7","CDNA-9-10","RBC","Gos","F",FALSE,FALSE,331649
"032515_10","CDNA-10-15","RBC","Gos","M",FALSE,FALSE,401255
"032515_15","CDNA-18","RBC","Gos","M",FALSE,FALSE,279009
"032515_2","CDNA-9-10","RBC","Gos","F",TRUE,TRUE,315175
"032515_3","CDNA-9-10","RBC","Gos","F",TRUE,TRUE,260785
"032515_6","CDNA-10-15","RBC","Gos","F",FALSE,FALSE,293383
"040215_1","CDNA-3-2","F2","Gos","M",TRUE,FALSE,332409
"040215_10","CDNA-3-2","F2","Gos","M",TRUE,TRUE,434016
"040215_11","CDNA-3-2","F2","Gos","M",TRUE,FALSE,406494
"040215_12","CDNA-3-2","F2","Gos","M",FALSE,FALSE,370842
"040215_15","CDNA-3-2","F2","Gos","F",FALSE,FALSE,324306
"040215_3","CDNA-3-2","F2","Gos","F",FALSE,FALSE,225853
"040215_4","CDNA-3-2","F2","Gos","M",TRUE,FALSE,342796
"040215_7","CDNA-3-2","F2","Gos","F",FALSE,FALSE,292896
"040215_9","CDNA-3-2","F2","Gos","M",TRUE,FALSE,401470
"040315_10","CDNA-17-18","RBC","Gos","M",FALSE,TRUE,289537
"040315_11","CDNA-17-18","RBC","Gos","F",FALSE,FALSE,324112
"040315_12","CDNA-17-18","RBC","Gos","M",FALSE,FALSE,288287
"040315_17","CDNA-17-18","RBC","Gos","M",FALSE,FALSE,295153
"040315_2","CDNA-18","RBC","Gos","F",FALSE,TRUE,464739
"040315_21","CDNA-17-18","RBC","Gos","F",FALSE,FALSE,256597
"040315_22","CDNA-6-15","RBC","Gos","F",TRUE,TRUE,283669
"040315_5","CDNA-18","RBC","Gos","F",FALSE,TRUE,425231
"040315_6","CDNA-10-15","RBC","Gos","F",FALSE,TRUE,545485
"040315_7","CDNA-17-18","RBC","Gos","M",TRUE,TRUE,375658
"040315_8","CDNA-17-18","RBC","Gos","F",FALSE,FALSE,535397
"040315_9","CDNA-17-18","RBC","Gos","M",FALSE,FALSE,355584
"041615_16","CDNA-6-15","RBC","Gos","M",FALSE,FALSE,204222
"041615_17","CDNA-6-15","RBC","Gos","M",FALSE,FALSE,226939
"041615_19","CDNA-18","RBC","Gos","M",FALSE,FALSE,225371
"041615_20","CDNA-6-15","RBC","Gos","M",TRUE,FALSE,311080
"041615_24","CDNA-18","RBC","Gos","M",FALSE,FALSE,297693
"041615_25","CDNA-6-15","RBC","Gos","F",FALSE,FALSE,318281
"041615_26","CDNA-6-15","RBC","Gos","F",TRUE,FALSE,324944
"041615_28","CDNA-6-15","RBC","Gos","M",TRUE,TRUE,431420
"041615_29","CDNA-6-15","RBC","Gos","F",FALSE,FALSE,348645
"041615_4","CDNA-12","RBC","Gos","M",FALSE,FALSE,166211
"041615_6","CDNA-18","RBC","Gos","M",TRUE,FALSE,150495
"041615_7","CDNA-12","RBC","Gos","F",FALSE,TRUE,161652
"042215_10","CDNA-15","GBC","Gos","F",TRUE,FALSE,410451
"042215_11","CDNA-15","GBC","Gos","M",TRUE,FALSE,318645
"042215_14","CDNA-15","GBC","Gos","U",FALSE,FALSE,297299
"042215_15","CDNA-18","RBC","Gos","M",FALSE,TRUE,208481
"042215_16","CDNA-6-15","RBC","Gos","F",TRUE,TRUE,211581
"042215_18","CDNA-18","RBC","Gos","F",FALSE,TRUE,302985
"042215_9","CDNA-15","GBC","Gos","M",FALSE,FALSE,324584
"042415_1","CDNA-4-1","GBC","Gos","F",FALSE,FALSE,694030
"042415_10","CDNA-4-1","GBC","Gos","M",FALSE,FALSE,532796
"042415_11","CDNA-4-1","GBC","Gos","F",FALSE,FALSE,397333
"042415_14","CDNA-4-2","GBC","Gos","F",FALSE,FALSE,492939
"042415_16","CDNA-18","RBC","Gos","F",TRUE,TRUE,1313424
"042415_2","CDNA-4-1","GBC","Gos","M",FALSE,FALSE,307634
"042415_20","CDNA-18","RBC","Gos","M",TRUE,FALSE,389253
"042415_23","CDNA-2-1","RBC","Gos","M",TRUE,FALSE,823630
"042415_24","CDNA-2-1","RBC","Gos","M",TRUE,TRUE,533570
"042415_25","CDNA-2-1","RBC","Gos","F",FALSE,FALSE,372164
"042415_3","CDNA-4-1","GBC","Gos","F",FALSE,FALSE,384114
"042415_5","CDNA-4-1","GBC","Gos","M",FALSE,FALSE,1527497
"042415_8","CDNA-4-1","GBC","Gos","F",FALSE,FALSE,526853
"042715_17","CDNA-11-16","RBC","Gos","M",FALSE,TRUE,158548
"042715_24","CDNA-11-12","RBC","Gos","M",FALSE,TRUE,530955
"042715_25","CDNA-11-12","RBC","Gos","M",FALSE,FALSE,268765
"042715_27","CDNA-18","RBC","Gos","F",FALSE,FALSE,417684
"042715_33","CDNA-11-12","RBC","Gos","F",FALSE,TRUE,328325
"042715_34","CDNA-11-12","RBC","Gos","M",FALSE,FALSE,518345
"042715_36","CDNA-11-12","RBC","Gos","F",FALSE,TRUE,286447
"042715_4","CDNA-18","RBC","Gos","F",TRUE,TRUE,234157
"042815_1","CDNA-2-1","RBC","Gos","F",FALSE,FALSE,30141
"042815_10","CDNA-11-16","RBC","Gos","F",FALSE,TRUE,238580
"042815_12","CDNA-14-2","GBC","Gos","F",FALSE,FALSE,314743
"042815_13","CDNA-14-2","GBC","Gos","M",FALSE,FALSE,421570
"042815_14","CDNA-14-2","GBC","Gos","F",FALSE,FALSE,336181
"042815_18","CDNA-14-2","GBC","Gos","M",FALSE,FALSE,421599
"042815_19","CDNA-14-2","GBC","Gos","M",TRUE,FALSE,367812
"042815_2","CDNA-2-1","RBC","Gos","F",FALSE,FALSE,50128
"042815_20","CDNA-14-2","GBC","Gos","F",FALSE,FALSE,563543
"042815_21","CDNA-14-2","GBC","Gos","M",FALSE,FALSE,687355
"042815_22","CDNA-14-2","GBC","Gos","M",FALSE,FALSE,604577
"042815_23","CDNA-14-2","GBC","Gos","M",TRUE,FALSE,490170
"042815_24","CDNA-14-2","GBC","Gos","M",TRUE,FALSE,695117
"042815_25","CDNA-14-2","GBC","Gos","F",TRUE,FALSE,442128
"042815_26","CDNA-14-2","GBC","Gos","F",FALSE,FALSE,523931
"042815_27","CDNA-14-2","GBC","Gos","F",FALSE,FALSE,719345
"042815_28","CDNA-14-2","GBC","Gos","M",FALSE,FALSE,357866
"042815_3","CDNA-2-1","RBC","Gos","F",FALSE,FALSE,53144
"042815_4","CDNA-11-16","RBC","Gos","F",FALSE,FALSE,49231
"042815_6","CDNA-2-1","RBC","Gos","M",FALSE,TRUE,192293
"042815_7","CDNA-2-1","RBC","Gos","M",FALSE,FALSE,68305
"042815_8","CDNA-11-16","RBC","Gos","F",FALSE,FALSE,77209
"050115_13","CDNA-14-1","GBC","Gos","M",FALSE,FALSE,142820
"050115_15","CDNA-14-1","GBC","Gos","F",FALSE,FALSE,118719
"050115_16","CDNA-14-1","GBC","Gos","F",TRUE,FALSE,214026
"050115_18","CDNA-14-1","GBC","Gos","F",FALSE,FALSE,246465
"050115_19","CDNA-18","GBC","Gos","M",FALSE,FALSE,221920
"050115_20","CDNA-14-1","GBC","Gos","F",FALSE,FALSE,272415
"050115_3","CDNA-15","GBC","Gos","F",FALSE,FALSE,38232
"050115_4","CDNA-15","GBC","Gos","M",TRUE,FALSE,38111
"050115_8","CDNA-15","GBC","Gos","F",TRUE,FALSE,64429
"051315_10","CDNA-14-1","GBC","Gos","F",FALSE,FALSE,95292
"051315_12","CDNA-14-1","GBC","Gos","M",FALSE,FALSE,85791
"051315_13","CDNA-14-1","GBC","Gos","F",FALSE,FALSE,86757
"051315_16","CDNA-14-2","GBC","Gos","M",FALSE,FALSE,206841
"051315_19","CDNA-14-2","GBC","Gos","F",TRUE,FALSE,152636
"051315_2","CDNA-14-1","GBC","Gos","F",TRUE,FALSE,57657
"051315_20","CDNA-14-2","GBC","Gos","M",FALSE,FALSE,177255
"051315_21","CDNA-14-2","GBC","Gos","F",FALSE,FALSE,265562
"051315_27","CDNA-11-12","RBC","Gos","M",FALSE,FALSE,245713
"052715_13","CDNA-2-1","RBC","Gos","M",FALSE,TRUE,405896
"052715_14","CDNA-2-1","RBC","Gos","M",FALSE,FALSE,361007
"052715_16","CDNA-11-16","RBC","Gos","M",FALSE,FALSE,360333
"052715_17","CDNA-2-1","RBC","Gos","F",FALSE,FALSE,426125
"052715_19","CDNA-2-1","RBC","Gos","F",FALSE,FALSE,381568
"052715_3","CDNA-18","RBC","Gos","F",FALSE,FALSE,245909
"052715_5","CDNA-13-1","RBC","Gos","F",FALSE,FALSE,253833
"052715_6","CDNA-13-1","RBC","Gos","F",FALSE,FALSE,428172
"052715_7","CDNA-13-2","RBC","Gos","F",FALSE,FALSE,244401
"052815_10","CDNA-2-1","RBC","Gos","M",TRUE,FALSE,423656
"052815_11","CDNA-2-1","RBC","Gos","F",FALSE,TRUE,471961
"052815_14","CDNA-2-2","RBC","Gos","M",FALSE,TRUE,437562
"052815_16","CDNA-2-2","RBC","Gos","F",FALSE,FALSE,432633
"052815_17","CDNA-2-2","RBC","Gos","M",TRUE,TRUE,420577
"052815_18","CDNA-2-2","RBC","Gos","F",FALSE,FALSE,363981
"052815_2","CDNA-11-12","RBC","Gos","F",FALSE,FALSE,283778
"052815_3","CDNA-11-12","RBC","Gos","M",FALSE,TRUE,288048
"052815_8","CDNA-11-12","RBC","Gos","F",TRUE,FALSE,283273
"052815_9","CDNA-2-1","RBC","Gos","F",TRUE,TRUE,406164
"092415_1","CDNA-4-2","F2","Echo","F",TRUE,TRUE,400156
"092415_10","CDNA-4-2","F2","Echo","M",TRUE,FALSE,443931
"092415_11","CDNA-4-2","F2","Echo","M",TRUE,TRUE,511633
"092415_12","CDNA-1","F2","Echo","M",TRUE,FALSE,404451
"092415_2","CDNA-4-2","F2","Echo","M",TRUE,TRUE,313084
"092415_3","CDNA-4-2","F2","Echo","M",TRUE,FALSE,397496
"092415_5","CDNA-4-2","F2","Echo","F",FALSE,FALSE,316906
"092415_6","CDNA-4-2","F2","Echo","F",TRUE,TRUE,355693
"092415_7","CDNA-4-2","F2","Echo","M",FALSE,FALSE,435256
"092415_9","CDNA-4-2","F2","Echo","M",FALSE,FALSE,575806
"092515_1","CDNA-1","F2","Echo","M",FALSE,FALSE,286336
"092515_10","CDNA-1","F2","Echo","F",TRUE,FALSE,593528
"092515_11","CDNA-1","F2","Echo","F",FALSE,FALSE,505726
"092515_12","CDNA-1","F2","Echo","M",TRUE,FALSE,736009
"092515_13","CDNA-1","F2","Echo","F",TRUE,FALSE,774763
"092515_15","CDNA-1","F2","Echo","F",TRUE,TRUE,514334
"092515_16","CDNA-1","F2","Echo","M",FALSE,FALSE,721346
"092515_17","CDNA-1","F2","Echo","F",FALSE,FALSE,318927
"092515_18","CDNA-1","F2","Echo","F",FALSE,FALSE,383624
"092515_21","CDNA-1","F2","Echo","M",TRUE,TRUE,537126
"092515_7","CDNA-1","F2","Echo","M",FALSE,FALSE,336526
"092515_9","CDNA-1","F2","Echo","M",TRUE,TRUE,1019481
"092915_1","CDNA-3-2","F2","Echo","M",TRUE,FALSE,312784
"092915_10","CDNA-7-1","F2","Echo","F",TRUE,FALSE,332334
"092915_11","CDNA-7-1","F2","Echo","F",TRUE,FALSE,383868
"092915_12","CDNA-7-1","F2","Echo","M",TRUE,FALSE,347341
"092915_13","CDNA-7-1","F2","Echo","F",FALSE,FALSE,341663
"092915_14","CDNA-7-1","F2","Echo","F",FALSE,FALSE,506549
"092915_15","CDNA-7-1","F2","Echo","F",TRUE,FALSE,349319
"092915_16","CDNA-7-1","F2","Echo","F",TRUE,TRUE,364691
"092915_17","CDNA-7-1","F2","Echo","U",TRUE,FALSE,385202
"092915_19","CDNA-12","F2","Echo","M",FALSE,FALSE,270315
"092915_2","CDNA-3-2","F2","Echo","M",TRUE,TRUE,299156
"092915_20","CDNA-12","F2","Echo","F",TRUE,TRUE,292896
"092915_23","CDNA-12","F2","Echo","M",TRUE,FALSE,608389
"092915_24","CDNA-12","F2","Echo","F",FALSE,FALSE,822871
"092915_27","CDNA-9-12","F2","Echo","M",FALSE,FALSE,486754
"092915_3","CDNA-3-2","F2","Echo","F",FALSE,FALSE,280935
"092915_31","CDNA-9-12","F2","Echo","M",FALSE,FALSE,615432
"092915_32","CDNA-9-12","F2","Echo","F",TRUE,TRUE,259231
"092915_34","CDNA-9-12","F2","Echo","M",TRUE,TRUE,273638
"092915_35","CDNA-17-18","F2","Echo","M",TRUE,FALSE,281783
"092915_36","CDNA-9-12","F2","Echo","F",FALSE,TRUE,361474
"092915_4","CDNA-3-2","F2","Echo","F",TRUE,TRUE,301851
"092915_5","CDNA-7-1","F2","Echo","M",FALSE,TRUE,289812
"092915_6","CDNA-7-1","F2","Echo","M",TRUE,TRUE,255338
"092915_7","CDNA-7-1","F2","Echo","F",TRUE,FALSE,305829
"092915_8","CDNA-7-1","F2","Echo","F",TRUE,TRUE,294134
"092915_9","CDNA-7-1","F2","Echo","F",TRUE,TRUE,423754
"100115_1","CDNA-1","F2","Echo","M",TRUE,TRUE,358963
"100115_11","CDNA-2-2","F2","Echo","U",FALSE,FALSE,412034
"100115_12","CDNA-2-2","F2","Echo","F",FALSE,FALSE,624376
"100115_15","CDNA-2-2","F2","Echo","U",FALSE,TRUE,354481
"100115_16","CDNA-2-2","F2","Echo","M",TRUE,TRUE,305887
"100115_19","CDNA-7-1","F2","Echo","M",TRUE,TRUE,1669317
"100115_2","CDNA-1","F2","Echo","M",FALSE,TRUE,633309
"100115_20","CDNA-7-1","F2","Echo","M",TRUE,FALSE,1484645
"100115_21","CDNA-7-1","F2","Echo","M",TRUE,TRUE,1665988
"100115_22","CDNA-7-1","F2","Echo","M",TRUE,TRUE,1445309
"100115_23","CDNA-7-1","F2","Echo","M",TRUE,TRUE,289410
"100115_24","CDNA-7-1","F2","Echo","M",TRUE,TRUE,1275058
"100115_25","CDNA-7-1","F2","Echo","F",TRUE,TRUE,266188
"100115_26","CDNA-7-1","F2","Echo","F",TRUE,TRUE,1159723
"100115_27","CDNA-7-1","F2","Echo","M",TRUE,TRUE,511495
"100115_28","CDNA-7-1","F2","Echo","M",TRUE,TRUE,545630
"100115_29","CDNA-7-1","F2","Echo","M",FALSE,FALSE,343525
"100115_30","CDNA-7-2","F2","Echo","F",FALSE,FALSE,384677
"100115_31","CDNA-7-2","F2","Echo","F",TRUE,TRUE,353251
"100115_32","CDNA-7-2","F2","Echo","F",FALSE,FALSE,325255
"100115_33","CDNA-7-2","F2","Echo","M",FALSE,FALSE,353726
"100115_34","CDNA-7-2","F2","Echo","F",TRUE,TRUE,297345
"100115_35","CDNA-7-2","F2","Echo","M",TRUE,TRUE,245346
"100115_36","CDNA-7-2","F2","Echo","F",TRUE,FALSE,439265
"100115_4","CDNA-2-1","F2","Echo","M",TRUE,FALSE,1467362
"100115_5","CDNA-2-1","F2","Echo","F",TRUE,TRUE,487440
"100115_6","CDNA-2-1","F2","Echo","M",FALSE,FALSE,1307616
"100115_8","CDNA-2-2","F2","Echo","F",TRUE,TRUE,1111743
"100115_9","CDNA-2-2","F2","Echo","F",TRUE,TRUE,341341
"100615_1","CDNA-7-2","F2","Echo","M",TRUE,FALSE,314181
"100615_10","CDNA-7-2","F2","Echo","M",TRUE,FALSE,511712
"100615_11","CDNA-7-2","F2","Echo","F",TRUE,TRUE,472255
"100615_12","CDNA-7-2","F2","Echo","F",TRUE,TRUE,335663
"100615_13","CDNA-7-2","F2","Echo","F",TRUE,TRUE,387481
"100615_14","CDNA-7-2","F2","Echo","F",TRUE,TRUE,503345
"100615_15","CDNA-7-2","F2","Echo","M",TRUE,TRUE,497336
"100615_16","CDNA-7-2","F2","Echo","M",TRUE,TRUE,352481
"100615_17","CDNA-7-2","F2","Echo","F",TRUE,TRUE,344031
"100615_18","CDNA-8-1","F2","Echo","U",TRUE,FALSE,545918
"100615_19","CDNA-8-1","F2","Echo","F",TRUE,TRUE,364789
"100615_2","CDNA-7-2","F2","Echo","M",FALSE,FALSE,290895
"100615_20","CDNA-8-1","F2","Echo","F",TRUE,TRUE,350346
"100615_21","CDNA-8-1","F2","Echo","F",TRUE,TRUE,275234
"100615_22","CDNA-8-1","F2","Echo","F",TRUE,FALSE,407605
"100615_23","CDNA-8-1","F2","Echo","F",TRUE,FALSE,789568
"100615_24","CDNA-8-1","F2","Echo","F",TRUE,TRUE,285163
"100615_25","CDNA-8-1","F2","Echo","M",TRUE,FALSE,546290
"100615_26","CDNA-8-1","F2","Echo","F",TRUE,TRUE,900526
"100615_27","CDNA-8-1","F2","Echo","M",FALSE,FALSE,377694
"100615_28","CDNA-8-1","F2","Echo","M",FALSE,TRUE,306450
"100615_29","CDNA-8-1","F2","Echo","F",FALSE,FALSE,419474
"100615_3","CDNA-7-2","F2","Echo","F",TRUE,TRUE,371272
"100615_30","CDNA-8-1","F2","Echo","M",FALSE,FALSE,394478
"100615_32","CDNA-8-1","F2","Echo","M",FALSE,TRUE,374257
"100615_33","CDNA-8-1","F2","Echo","F",TRUE,FALSE,459287
"100615_34","CDNA-8-1","F2","Echo","M",TRUE,FALSE,1482495
"100615_36","CDNA-18","F2","Echo","M",TRUE,TRUE,593804
"100615_37","CDNA-18","F2","Echo","F",TRUE,FALSE,322864
"100615_38","CDNA-8-1","F2","Echo","M",FALSE,FALSE,244674
"100615_39","CDNA-8-1","F2","Echo","M",TRUE,TRUE,324763
"100615_4","CDNA-7-2","F2","Echo","M",FALSE,FALSE,265218
"100615_40","CDNA-8-1","F2","Echo","M",FALSE,FALSE,300683
"100615_41","CDNA-8-1","F2","Echo","F",TRUE,FALSE,314496
"100615_43","CDNA-8-2","F2","Echo","F",TRUE,TRUE,373182
"100615_44","CDNA-8-2","F2","Echo","F",TRUE,TRUE,292369
"100615_45","CDNA-8-2","F2","Echo","F",TRUE,FALSE,290006
"100615_46","CDNA-8-2","F2","Echo","F",TRUE,FALSE,232448
"100615_47","CDNA-8-2","F2","Echo","M",TRUE,FALSE,490526
"100615_48","CDNA-18","F2","Echo","M",FALSE,FALSE,305447
"100615_5","CDNA-7-2","F2","Echo","M",TRUE,TRUE,329689
"100615_50","CDNA-8-2","F2","Echo","F",TRUE,FALSE,411319
"100615_51","CDNA-8-2","F2","Echo","F",FALSE,FALSE,418939
"100615_6","CDNA-7-2","F2","Echo","F",TRUE,TRUE,953084
"100615_7","CDNA-7-2","F2","Echo","F",TRUE,TRUE,274743
"100615_8","CDNA-7-2","F2","Echo","F",TRUE,TRUE,399038
"100615_9","CDNA-7-2","F2","Echo","F",TRUE,FALSE,450306
"110515_10","CDNA-8-2","F2","Echo","M",FALSE,FALSE,294568
"110515_11","CDNA-8-2","F2","Echo","F",FALSE,FALSE,340289
"110515_16","CDNA-17-18","F2","Echo","M",FALSE,FALSE,303115
"110515_4","CDNA-8-2","F2","Echo","M",FALSE,FALSE,1488280
"110615_14","CDNA-9-12","F2","Echo","F",FALSE,FALSE,457385
"110615_15","CDNA-17-18","F2","Echo","F",TRUE,FALSE,388355
"110615_3","CDNA-17-18","F2","Echo","F",FALSE,FALSE,302178
"110615_5","CDNA-17-18","F2","Echo","F",FALSE,FALSE,318996
"111214_1","CDNA-15","F2","Gos","M",TRUE,FALSE,338969
"111214_10","CDNA-5-1","F2","Gos","F",FALSE,FALSE,319029
"111214_11","CDNA-5-1","F2","Gos","M",FALSE,FALSE,355981
"111214_12","CDNA-5-1","F2","Gos","F",TRUE,FALSE,323737
"111214_13","CDNA-5-1","F2","Gos","M",FALSE,FALSE,310009
"111214_2","CDNA-15","F2","Gos","M",TRUE,FALSE,302384
"111214_3","CDNA-15","F2","Gos","M",FALSE,FALSE,299775
"111214_5","CDNA-15","F2","Gos","F",FALSE,FALSE,304183
"111214_6","CDNA-15","F2","Gos","F",FALSE,FALSE,405262
"111214_7","CDNA-5-1","F2","Gos","M",FALSE,FALSE,303388
"111214_8","CDNA-5-1","F2","Gos","M",FALSE,FALSE,296171
"111214_9","CDNA-5-1","F2","Gos","M",FALSE,FALSE,239237
"111315_15","CDNA-2-2","RBC","Echo","M",FALSE,FALSE,435871
"111315_17","CDNA-11-16","RBC","Echo","F",TRUE,TRUE,405202
"111315_18","CDNA-4-1","RBC","Echo","M",FALSE,TRUE,401033
"111315_19","CDNA-4-1","RBC","Echo","M",TRUE,TRUE,423164
"111315_20","CDNA-4-1","RBC","Echo","F",FALSE,FALSE,559712
"111315_7","CDNA-2-2","RBC","Echo","M",FALSE,TRUE,290734
"111315_8","CDNA-2-2","RBC","Echo","M",FALSE,FALSE,340896
"111315_9","CDNA-2-2","RBC","Echo","F",FALSE,TRUE,451680
"111914_1","CDNA-5-1","F2","Gos","F",TRUE,FALSE,237776
"111914_11","CDNA-5-1","F2","Gos","F",FALSE,FALSE,395939
"111914_12","CDNA-13-1","GBC","Gos","M",FALSE,FALSE,358317
"111914_13","CDNA-13-1","GBC","Gos","M",TRUE,FALSE,375145
"111914_14","CDNA-13-1","GBC","Gos","M",FALSE,FALSE,404575
"111914_15","CDNA-13-1","GBC","Gos","M",FALSE,FALSE,322283
"111914_2","CDNA-5-1","F2","Gos","F",TRUE,FALSE,276571
"111914_5","CDNA-5-1","F2","Gos","M",FALSE,FALSE,507184
"111914_6","CDNA-5-1","F2","Gos","F",FALSE,FALSE,291010
"111914_7","CDNA-5-1","F2","Gos","M",TRUE,FALSE,325962
"111914_8","CDNA-5-1","F2","Gos","F",FALSE,FALSE,298635
"111914_9","CDNA-5-1","F2","Gos","M",FALSE,FALSE,406137
"112014_1","CDNA-13-1","GBC","Gos","F",FALSE,FALSE,253234
"112014_10","CDNA-13-1","GBC","Gos","M",FALSE,FALSE,380760
"112014_11","CDNA-13-1","GBC","Gos","F",FALSE,FALSE,410690
"112014_13","CDNA-13-1","GBC","Gos","F",FALSE,FALSE,416128
"112014_14","CDNA-13-1","GBC","Gos","F",TRUE,FALSE,402549
"112014_2","CDNA-13-1","GBC","Gos","F",TRUE,FALSE,304582
"112014_3","CDNA-13-1","GBC","Gos","F",TRUE,FALSE,285810
"112014_5","CDNA-18","GBC","Gos","F",FALSE,FALSE,293586
"112014_7","CDNA-13-1","GBC","Gos","F",TRUE,FALSE,274422
"112014_8","CDNA-13-1","GBC","Gos","F",FALSE,FALSE,353085
"112014_9","CDNA-13-1","GBC","Gos","M",FALSE,FALSE,416009
"112315_12","CDNA-18","RBC","Echo","F",FALSE,FALSE,412125
"112315_15","CDNA-12","RBC","Echo","F",FALSE,FALSE,434806
"112315_7","CDNA-12","RBC","Echo","M",TRUE,TRUE,464472
"112315_9","CDNA-12","RBC","Echo","F",FALSE,FALSE,724704
"120314_1","CDNA-5-1","F2","Gos","F",TRUE,FALSE,274589
"120314_12","CDNA-5-2","F2","Gos","M",FALSE,FALSE,315137
"120314_2","CDNA-5-1","F2","Gos","M",FALSE,FALSE,302462
"120314_4","CDNA-5-1","F2","Gos","F",TRUE,FALSE,330417
"120314_5","CDNA-5-1","F2","Gos","M",FALSE,FALSE,287447
"120314_6","CDNA-5-1","F2","Gos","M",TRUE,FALSE,308289
"120414_1","CDNA-5-2","F2","Gos","M",FALSE,FALSE,257899
"120414_2","CDNA-5-2","F2","Gos","M",FALSE,FALSE,278548
"120414_3","CDNA-5-2","F2","Gos","F",FALSE,FALSE,284637
"120414_4","CDNA-5-2","F2","Gos","M",FALSE,FALSE,299718
"120414_6","CDNA-5-2","F2","Gos","M",FALSE,FALSE,221666
"120414_7","CDNA-5-2","F2","Gos","M",TRUE,FALSE,338614
"120414_8","CDNA-5-2","F2","Gos","F",FALSE,FALSE,275090
"120414_9","CDNA-5-2","F2","Gos","F",FALSE,FALSE,342726
"120914_1","CDNA-5-2","F2","Gos","M",TRUE,FALSE,287890
"120914_10","CDNA-3-1","F2","Gos","M",FALSE,FALSE,377411
"120914_11","CDNA-3-1","F2","Gos","M",FALSE,FALSE,345290
"120914_13","CDNA-3-1","F2","Gos","M",TRUE,FALSE,315007
"120914_14","CDNA-3-1","F2","Gos","F",TRUE,FALSE,337577
"120914_17","CDNA-3-1","F2","Gos","F",FALSE,FALSE,200599
"120914_2","CDNA-5-2","F2","Gos","F",FALSE,FALSE,269468
"120914_3","CDNA-5-2","F2","Gos","F",FALSE,FALSE,267697
"120914_4","CDNA-5-2","F2","Gos","F",FALSE,FALSE,280186
"120914_5","CDNA-5-2","F2","Gos","F",FALSE,FALSE,272081
"120914_6","CDNA-5-2","F2","Gos","F",FALSE,FALSE,316670
"120914_7","CDNA-5-2","F2","Gos","F",FALSE,FALSE,382693
"120914_8","CDNA-5-2","F2","Gos","F",FALSE,FALSE,332616
"120914_9","CDNA-3-1","F2","Gos","F",TRUE,FALSE,332317
"121014_1","CDNA-3-1","F2","Gos","F",TRUE,FALSE,221912
"121014_10","CDNA-4-2","F2","Gos","M",FALSE,FALSE,354851
"121014_11","CDNA-4-2","F2","Gos","F",FALSE,FALSE,298333
"121014_12","CDNA-4-2","F2","Gos","M",FALSE,FALSE,293164
"121014_13","CDNA-4-2","F2","Gos","F",FALSE,FALSE,341256
"121014_14","CDNA-4-2","F2","Gos","M",FALSE,FALSE,315939
"121014_15","CDNA-4-2","F2","Gos","F",TRUE,FALSE,361749
"121014_16","CDNA-4-2","F2","Gos","F",FALSE,FALSE,336939
"121014_2","CDNA-3-1","F2","Gos","F",TRUE,FALSE,277583
"121014_5","CDNA-3-1","F2","Gos","M",FALSE,FALSE,289207
"121014_7","CDNA-4-2","F2","Gos","F",FALSE,FALSE,358950
"121014_8","CDNA-4-2","F2","Gos","M",FALSE,FALSE,275727
"121014_9","CDNA-4-2","F2","Gos","F",FALSE,FALSE,352824
"121714_1","CDNA-4-1","GBC","Gos","M",FALSE,FALSE,242978
"121714_2","CDNA-4-1","GBC","Gos","F",FALSE,FALSE,240866
"121714_3","CDNA-4-1","GBC","Gos","M",FALSE,FALSE,283984
"121714_4","CDNA-4-1","GBC","Gos","F",FALSE,FALSE,202280
"121714_5","CDNA-4-1","GBC","Gos","M",FALSE,FALSE,257940
"121714_6","CDNA-4-1","GBC","Gos","M",FALSE,FALSE,304851
"121714_7","CDNA-4-1","GBC","Gos","M",FALSE,FALSE,307737
"121714_8","CDNA-4-1","GBC","Gos","M",TRUE,FALSE,353332
"121714_9","CDNA-4-1","GBC","Gos","F",FALSE,FALSE,286749
